id,gesture,manipulation,direction,magnitude,type,likert
5,SHIFT_ABD,0,0,2,ease,3
5,SHIFT_ABD,0,0,2,comfort,3
5,SHIFT_ABD,0,0,2,confidence,5
5,SHIFT_ABD,0,0,2,social_acceptance,4
5,SHIFT_ADD,0,1,2,ease,3
5,SHIFT_ADD,0,1,2,comfort,4
5,SHIFT_ADD,0,1,2,confidence,5
5,SHIFT_ADD,0,1,2,social_acceptance,4
5,SPIN_ABD_HALF,1,0,0,ease,3
5,SPIN_ABD_HALF,1,0,0,comfort,2
5,SPIN_ABD_HALF,1,0,0,confidence,4
5,SPIN_ABD_HALF,1,0,0,social_acceptance,3
5,SPIN_ABD_FULL,1,0,1,ease,2
5,SPIN_ABD_FULL,1,0,1,comfort,2
5,SPIN_ABD_FULL,1,0,1,confidence,3
5,SPIN_ABD_FULL,1,0,1,social_acceptance,2
5,SPIN_ADD_HALF,1,1,0,ease,3
5,SPIN_ADD_HALF,1,1,0,comfort,2
5,SPIN_ADD_HALF,1,1,0,confidence,3
5,SPIN_ADD_HALF,1,1,0,social_acceptance,2
5,SPIN_ADD_FULL,1,1,1,ease,2
5,SPIN_ADD_FULL,1,1,1,comfort,1
5,SPIN_ADD_FULL,1,1,1,confidence,2
5,SPIN_ADD_FULL,1,1,1,social_acceptance,1
5,ROTATE_ABD_HALF,2,0,0,ease,4
5,ROTATE_ABD_HALF,2,0,0,comfort,3
5,ROTATE_ABD_HALF,2,0,0,confidence,6
5,ROTATE_ABD_HALF,2,0,0,social_acceptance,5
5,ROTATE_ABD_FULL,2,0,1,ease,3
5,ROTATE_ABD_FULL,2,0,1,comfort,2
5,ROTATE_ABD_FULL,2,0,1,confidence,4
5,ROTATE_ABD_FULL,2,0,1,social_acceptance,2
5,ROTATE_ADD_HALF,2,1,0,ease,6
5,ROTATE_ADD_HALF,2,1,0,comfort,3
5,ROTATE_ADD_HALF,2,1,0,confidence,6
5,ROTATE_ADD_HALF,2,1,0,social_acceptance,5
5,ROTATE_ADD_FULL,2,1,1,ease,4
5,ROTATE_ADD_FULL,2,1,1,comfort,3
5,ROTATE_ADD_FULL,2,1,1,confidence,6
5,ROTATE_ADD_FULL,2,1,1,social_acceptance,4
5,FLIP_ABD_HALF,3,0,0,ease,1
5,FLIP_ABD_HALF,3,0,0,comfort,1
5,FLIP_ABD_HALF,3,0,0,confidence,1
5,FLIP_ABD_HALF,3,0,0,social_acceptance,1
5,FLIP_ABD_FULL,3,0,1,ease,1
5,FLIP_ABD_FULL,3,0,1,comfort,1
5,FLIP_ABD_FULL,3,0,1,confidence,1
5,FLIP_ABD_FULL,3,0,1,social_acceptance,1
5,FLIP_ADD_HALF,3,1,0,ease,1
5,FLIP_ADD_HALF,3,1,0,comfort,1
5,FLIP_ADD_HALF,3,1,0,confidence,1
5,FLIP_ADD_HALF,3,1,0,social_acceptance,1
5,FLIP_ADD_FULL,3,1,1,ease,1
5,FLIP_ADD_FULL,3,1,1,comfort,1
5,FLIP_ADD_FULL,3,1,1,confidence,1
5,FLIP_ADD_FULL,3,1,1,social_acceptance,1
3,SHIFT_ABD,0,0,2,ease,2
3,SHIFT_ABD,0,0,2,comfort,2
3,SHIFT_ABD,0,0,2,confidence,4
3,SHIFT_ABD,0,0,2,social_acceptance,1
3,SHIFT_ADD,0,1,2,ease,5
3,SHIFT_ADD,0,1,2,comfort,5
3,SHIFT_ADD,0,1,2,confidence,6
3,SHIFT_ADD,0,1,2,social_acceptance,4
3,SPIN_ABD_HALF,1,0,0,ease,4
3,SPIN_ABD_HALF,1,0,0,comfort,4
3,SPIN_ABD_HALF,1,0,0,confidence,6
3,SPIN_ABD_HALF,1,0,0,social_acceptance,2
3,SPIN_ABD_FULL,1,0,1,ease,4
3,SPIN_ABD_FULL,1,0,1,comfort,4
3,SPIN_ABD_FULL,1,0,1,confidence,6
3,SPIN_ABD_FULL,1,0,1,social_acceptance,2
3,SPIN_ADD_HALF,1,1,0,ease,4
3,SPIN_ADD_HALF,1,1,0,comfort,4
3,SPIN_ADD_HALF,1,1,0,confidence,6
3,SPIN_ADD_HALF,1,1,0,social_acceptance,2
3,SPIN_ADD_FULL,1,1,1,ease,5
3,SPIN_ADD_FULL,1,1,1,comfort,4
3,SPIN_ADD_FULL,1,1,1,confidence,6
3,SPIN_ADD_FULL,1,1,1,social_acceptance,1
3,ROTATE_ABD_HALF,2,0,0,ease,6
3,ROTATE_ABD_HALF,2,0,0,comfort,6
3,ROTATE_ABD_HALF,2,0,0,confidence,6
3,ROTATE_ABD_HALF,2,0,0,social_acceptance,6
3,ROTATE_ABD_FULL,2,0,1,ease,6
3,ROTATE_ABD_FULL,2,0,1,comfort,6
3,ROTATE_ABD_FULL,2,0,1,confidence,6
3,ROTATE_ABD_FULL,2,0,1,social_acceptance,6
3,ROTATE_ADD_HALF,2,1,0,ease,6
3,ROTATE_ADD_HALF,2,1,0,comfort,6
3,ROTATE_ADD_HALF,2,1,0,confidence,6
3,ROTATE_ADD_HALF,2,1,0,social_acceptance,6
3,ROTATE_ADD_FULL,2,1,1,ease,6
3,ROTATE_ADD_FULL,2,1,1,comfort,6
3,ROTATE_ADD_FULL,2,1,1,confidence,6
3,ROTATE_ADD_FULL,2,1,1,social_acceptance,6
3,FLIP_ABD_HALF,3,0,0,ease,2
3,FLIP_ABD_HALF,3,0,0,comfort,2
3,FLIP_ABD_HALF,3,0,0,confidence,4
3,FLIP_ABD_HALF,3,0,0,social_acceptance,1
3,FLIP_ABD_FULL,3,0,1,ease,2
3,FLIP_ABD_FULL,3,0,1,comfort,2
3,FLIP_ABD_FULL,3,0,1,confidence,5
3,FLIP_ABD_FULL,3,0,1,social_acceptance,1
3,FLIP_ADD_HALF,3,1,0,ease,2
3,FLIP_ADD_HALF,3,1,0,comfort,3
3,FLIP_ADD_HALF,3,1,0,confidence,4
3,FLIP_ADD_HALF,3,1,0,social_acceptance,2
3,FLIP_ADD_FULL,3,1,1,ease,2
3,FLIP_ADD_FULL,3,1,1,comfort,2
3,FLIP_ADD_FULL,3,1,1,confidence,5
3,FLIP_ADD_FULL,3,1,1,social_acceptance,2
11,SHIFT_ABD,0,0,2,ease,5
11,SHIFT_ABD,0,0,2,comfort,3
11,SHIFT_ABD,0,0,2,confidence,6
11,SHIFT_ABD,0,0,2,social_acceptance,6
11,SHIFT_ADD,0,1,2,ease,6
11,SHIFT_ADD,0,1,2,comfort,6
11,SHIFT_ADD,0,1,2,confidence,6
11,SHIFT_ADD,0,1,2,social_acceptance,7
11,SPIN_ABD_HALF,1,0,0,ease,7
11,SPIN_ABD_HALF,1,0,0,comfort,7
11,SPIN_ABD_HALF,1,0,0,confidence,7
11,SPIN_ABD_HALF,1,0,0,social_acceptance,7
11,SPIN_ABD_FULL,1,0,1,ease,3
11,SPIN_ABD_FULL,1,0,1,comfort,3
11,SPIN_ABD_FULL,1,0,1,confidence,3
11,SPIN_ABD_FULL,1,0,1,social_acceptance,5
11,SPIN_ADD_HALF,1,1,0,ease,5
11,SPIN_ADD_HALF,1,1,0,comfort,5
11,SPIN_ADD_HALF,1,1,0,confidence,5
11,SPIN_ADD_HALF,1,1,0,social_acceptance,6
11,SPIN_ADD_FULL,1,1,1,ease,4
11,SPIN_ADD_FULL,1,1,1,comfort,4
11,SPIN_ADD_FULL,1,1,1,confidence,4
11,SPIN_ADD_FULL,1,1,1,social_acceptance,4
11,ROTATE_ABD_HALF,2,0,0,ease,6
11,ROTATE_ABD_HALF,2,0,0,comfort,6
11,ROTATE_ABD_HALF,2,0,0,confidence,6
11,ROTATE_ABD_HALF,2,0,0,social_acceptance,6
11,ROTATE_ABD_FULL,2,0,1,ease,3
11,ROTATE_ABD_FULL,2,0,1,comfort,3
11,ROTATE_ABD_FULL,2,0,1,confidence,3
11,ROTATE_ABD_FULL,2,0,1,social_acceptance,5
11,ROTATE_ADD_HALF,2,1,0,ease,7
11,ROTATE_ADD_HALF,2,1,0,comfort,7
11,ROTATE_ADD_HALF,2,1,0,confidence,7
11,ROTATE_ADD_HALF,2,1,0,social_acceptance,7
11,ROTATE_ADD_FULL,2,1,1,ease,4
11,ROTATE_ADD_FULL,2,1,1,comfort,4
11,ROTATE_ADD_FULL,2,1,1,confidence,4
11,ROTATE_ADD_FULL,2,1,1,social_acceptance,5
11,FLIP_ABD_HALF,3,0,0,ease,6
11,FLIP_ABD_HALF,3,0,0,comfort,6
11,FLIP_ABD_HALF,3,0,0,confidence,6
11,FLIP_ABD_HALF,3,0,0,social_acceptance,7
11,FLIP_ABD_FULL,3,0,1,ease,5
11,FLIP_ABD_FULL,3,0,1,comfort,5
11,FLIP_ABD_FULL,3,0,1,confidence,5
11,FLIP_ABD_FULL,3,0,1,social_acceptance,6
11,FLIP_ADD_HALF,3,1,0,ease,6
11,FLIP_ADD_HALF,3,1,0,comfort,6
11,FLIP_ADD_HALF,3,1,0,confidence,6
11,FLIP_ADD_HALF,3,1,0,social_acceptance,7
11,FLIP_ADD_FULL,3,1,1,ease,5
11,FLIP_ADD_FULL,3,1,1,comfort,5
11,FLIP_ADD_FULL,3,1,1,confidence,5
11,FLIP_ADD_FULL,3,1,1,social_acceptance,5
10,SHIFT_ABD,0,0,2,ease,6
10,SHIFT_ABD,0,0,2,comfort,6
10,SHIFT_ABD,0,0,2,confidence,6
10,SHIFT_ABD,0,0,2,social_acceptance,7
10,SHIFT_ADD,0,1,2,ease,6
10,SHIFT_ADD,0,1,2,comfort,6
10,SHIFT_ADD,0,1,2,confidence,6
10,SHIFT_ADD,0,1,2,social_acceptance,7
10,SPIN_ABD_HALF,1,0,0,ease,5
10,SPIN_ABD_HALF,1,0,0,comfort,5
10,SPIN_ABD_HALF,1,0,0,confidence,5
10,SPIN_ABD_HALF,1,0,0,social_acceptance,7
10,SPIN_ABD_FULL,1,0,1,ease,5
10,SPIN_ABD_FULL,1,0,1,comfort,5
10,SPIN_ABD_FULL,1,0,1,confidence,5
10,SPIN_ABD_FULL,1,0,1,social_acceptance,7
10,SPIN_ADD_HALF,1,1,0,ease,5
10,SPIN_ADD_HALF,1,1,0,comfort,5
10,SPIN_ADD_HALF,1,1,0,confidence,5
10,SPIN_ADD_HALF,1,1,0,social_acceptance,7
10,SPIN_ADD_FULL,1,1,1,ease,5
10,SPIN_ADD_FULL,1,1,1,comfort,5
10,SPIN_ADD_FULL,1,1,1,confidence,5
10,SPIN_ADD_FULL,1,1,1,social_acceptance,7
10,ROTATE_ABD_HALF,2,0,0,ease,6
10,ROTATE_ABD_HALF,2,0,0,comfort,6
10,ROTATE_ABD_HALF,2,0,0,confidence,6
10,ROTATE_ABD_HALF,2,0,0,social_acceptance,7
10,ROTATE_ABD_FULL,2,0,1,ease,6
10,ROTATE_ABD_FULL,2,0,1,comfort,6
10,ROTATE_ABD_FULL,2,0,1,confidence,6
10,ROTATE_ABD_FULL,2,0,1,social_acceptance,7
10,ROTATE_ADD_HALF,2,1,0,ease,6
10,ROTATE_ADD_HALF,2,1,0,comfort,6
10,ROTATE_ADD_HALF,2,1,0,confidence,6
10,ROTATE_ADD_HALF,2,1,0,social_acceptance,7
10,ROTATE_ADD_FULL,2,1,1,ease,6
10,ROTATE_ADD_FULL,2,1,1,comfort,6
10,ROTATE_ADD_FULL,2,1,1,confidence,6
10,ROTATE_ADD_FULL,2,1,1,social_acceptance,7
10,FLIP_ABD_HALF,3,0,0,ease,5
10,FLIP_ABD_HALF,3,0,0,comfort,5
10,FLIP_ABD_HALF,3,0,0,confidence,5
10,FLIP_ABD_HALF,3,0,0,social_acceptance,7
10,FLIP_ABD_FULL,3,0,1,ease,5
10,FLIP_ABD_FULL,3,0,1,comfort,5
10,FLIP_ABD_FULL,3,0,1,confidence,5
10,FLIP_ABD_FULL,3,0,1,social_acceptance,7
10,FLIP_ADD_HALF,3,1,0,ease,5
10,FLIP_ADD_HALF,3,1,0,comfort,5
10,FLIP_ADD_HALF,3,1,0,confidence,5
10,FLIP_ADD_HALF,3,1,0,social_acceptance,7
10,FLIP_ADD_FULL,3,1,1,ease,5
10,FLIP_ADD_FULL,3,1,1,comfort,5
10,FLIP_ADD_FULL,3,1,1,confidence,5
10,FLIP_ADD_FULL,3,1,1,social_acceptance,7
4,SHIFT_ABD,0,0,2,ease,6
4,SHIFT_ABD,0,0,2,comfort,6
4,SHIFT_ABD,0,0,2,confidence,6
4,SHIFT_ABD,0,0,2,social_acceptance,6
4,SHIFT_ADD,0,1,2,ease,6
4,SHIFT_ADD,0,1,2,comfort,6
4,SHIFT_ADD,0,1,2,confidence,6
4,SHIFT_ADD,0,1,2,social_acceptance,6
4,SPIN_ABD_HALF,1,0,0,ease,4
4,SPIN_ABD_HALF,1,0,0,comfort,4
4,SPIN_ABD_HALF,1,0,0,confidence,4
4,SPIN_ABD_HALF,1,0,0,social_acceptance,1
4,SPIN_ABD_FULL,1,0,1,ease,4
4,SPIN_ABD_FULL,1,0,1,comfort,4
4,SPIN_ABD_FULL,1,0,1,confidence,3
4,SPIN_ABD_FULL,1,0,1,social_acceptance,1
4,SPIN_ADD_HALF,1,1,0,ease,5
4,SPIN_ADD_HALF,1,1,0,comfort,5
4,SPIN_ADD_HALF,1,1,0,confidence,5
4,SPIN_ADD_HALF,1,1,0,social_acceptance,1
4,SPIN_ADD_FULL,1,1,1,ease,4
4,SPIN_ADD_FULL,1,1,1,comfort,4
4,SPIN_ADD_FULL,1,1,1,confidence,4
4,SPIN_ADD_FULL,1,1,1,social_acceptance,1
4,ROTATE_ABD_HALF,2,0,0,ease,5
4,ROTATE_ABD_HALF,2,0,0,comfort,5
4,ROTATE_ABD_HALF,2,0,0,confidence,5
4,ROTATE_ABD_HALF,2,0,0,social_acceptance,2
4,ROTATE_ABD_FULL,2,0,1,ease,5
4,ROTATE_ABD_FULL,2,0,1,comfort,5
4,ROTATE_ABD_FULL,2,0,1,confidence,2
4,ROTATE_ABD_FULL,2,0,1,social_acceptance,2
4,ROTATE_ADD_HALF,2,1,0,ease,5
4,ROTATE_ADD_HALF,2,1,0,comfort,5
4,ROTATE_ADD_HALF,2,1,0,confidence,5
4,ROTATE_ADD_HALF,2,1,0,social_acceptance,2
4,ROTATE_ADD_FULL,2,1,1,ease,5
4,ROTATE_ADD_FULL,2,1,1,comfort,5
4,ROTATE_ADD_FULL,2,1,1,confidence,5
4,ROTATE_ADD_FULL,2,1,1,social_acceptance,5
4,FLIP_ABD_HALF,3,0,0,ease,3
4,FLIP_ABD_HALF,3,0,0,comfort,3
4,FLIP_ABD_HALF,3,0,0,confidence,3
4,FLIP_ABD_HALF,3,0,0,social_acceptance,1
4,FLIP_ABD_FULL,3,0,1,ease,3
4,FLIP_ABD_FULL,3,0,1,comfort,3
4,FLIP_ABD_FULL,3,0,1,confidence,3
4,FLIP_ABD_FULL,3,0,1,social_acceptance,1
4,FLIP_ADD_HALF,3,1,0,ease,3
4,FLIP_ADD_HALF,3,1,0,comfort,3
4,FLIP_ADD_HALF,3,1,0,confidence,3
4,FLIP_ADD_HALF,3,1,0,social_acceptance,1
4,FLIP_ADD_FULL,3,1,1,ease,3
4,FLIP_ADD_FULL,3,1,1,comfort,3
4,FLIP_ADD_FULL,3,1,1,confidence,3
4,FLIP_ADD_FULL,3,1,1,social_acceptance,3
16,SHIFT_ABD,0,0,2,ease,7
16,SHIFT_ABD,0,0,2,comfort,7
16,SHIFT_ABD,0,0,2,confidence,7
16,SHIFT_ABD,0,0,2,social_acceptance,5
16,SHIFT_ADD,0,1,2,ease,6
16,SHIFT_ADD,0,1,2,comfort,6
16,SHIFT_ADD,0,1,2,confidence,6
16,SHIFT_ADD,0,1,2,social_acceptance,5
16,SPIN_ABD_HALF,1,0,0,ease,6
16,SPIN_ABD_HALF,1,0,0,comfort,6
16,SPIN_ABD_HALF,1,0,0,confidence,6
16,SPIN_ABD_HALF,1,0,0,social_acceptance,7
16,SPIN_ABD_FULL,1,0,1,ease,6
16,SPIN_ABD_FULL,1,0,1,comfort,6
16,SPIN_ABD_FULL,1,0,1,confidence,7
16,SPIN_ABD_FULL,1,0,1,social_acceptance,7
16,SPIN_ADD_HALF,1,1,0,ease,6
16,SPIN_ADD_HALF,1,1,0,comfort,6
16,SPIN_ADD_HALF,1,1,0,confidence,7
16,SPIN_ADD_HALF,1,1,0,social_acceptance,7
16,SPIN_ADD_FULL,1,1,1,ease,6
16,SPIN_ADD_FULL,1,1,1,comfort,6
16,SPIN_ADD_FULL,1,1,1,confidence,7
16,SPIN_ADD_FULL,1,1,1,social_acceptance,7
16,ROTATE_ABD_HALF,2,0,0,ease,7
16,ROTATE_ABD_HALF,2,0,0,comfort,7
16,ROTATE_ABD_HALF,2,0,0,confidence,7
16,ROTATE_ABD_HALF,2,0,0,social_acceptance,7
16,ROTATE_ABD_FULL,2,0,1,ease,7
16,ROTATE_ABD_FULL,2,0,1,comfort,7
16,ROTATE_ABD_FULL,2,0,1,confidence,7
16,ROTATE_ABD_FULL,2,0,1,social_acceptance,7
16,ROTATE_ADD_HALF,2,1,0,ease,7
16,ROTATE_ADD_HALF,2,1,0,comfort,7
16,ROTATE_ADD_HALF,2,1,0,confidence,7
16,ROTATE_ADD_HALF,2,1,0,social_acceptance,7
16,ROTATE_ADD_FULL,2,1,1,ease,7
16,ROTATE_ADD_FULL,2,1,1,comfort,7
16,ROTATE_ADD_FULL,2,1,1,confidence,7
16,ROTATE_ADD_FULL,2,1,1,social_acceptance,7
16,FLIP_ABD_HALF,3,0,0,ease,5
16,FLIP_ABD_HALF,3,0,0,comfort,5
16,FLIP_ABD_HALF,3,0,0,confidence,5
16,FLIP_ABD_HALF,3,0,0,social_acceptance,7
16,FLIP_ABD_FULL,3,0,1,ease,5
16,FLIP_ABD_FULL,3,0,1,comfort,5
16,FLIP_ABD_FULL,3,0,1,confidence,5
16,FLIP_ABD_FULL,3,0,1,social_acceptance,7
16,FLIP_ADD_HALF,3,1,0,ease,5
16,FLIP_ADD_HALF,3,1,0,comfort,5
16,FLIP_ADD_HALF,3,1,0,confidence,5
16,FLIP_ADD_HALF,3,1,0,social_acceptance,7
16,FLIP_ADD_FULL,3,1,1,ease,5
16,FLIP_ADD_FULL,3,1,1,comfort,5
16,FLIP_ADD_FULL,3,1,1,confidence,5
16,FLIP_ADD_FULL,3,1,1,social_acceptance,7
18,SHIFT_ABD,0,0,2,ease,1
18,SHIFT_ABD,0,0,2,comfort,2
18,SHIFT_ABD,0,0,2,confidence,6
18,SHIFT_ABD,0,0,2,social_acceptance,2
18,SHIFT_ADD,0,1,2,ease,2
18,SHIFT_ADD,0,1,2,comfort,2
18,SHIFT_ADD,0,1,2,confidence,7
18,SHIFT_ADD,0,1,2,social_acceptance,3
18,SPIN_ABD_HALF,1,0,0,ease,5
18,SPIN_ABD_HALF,1,0,0,comfort,5
18,SPIN_ABD_HALF,1,0,0,confidence,7
18,SPIN_ABD_HALF,1,0,0,social_acceptance,4
18,SPIN_ABD_FULL,1,0,1,ease,6
18,SPIN_ABD_FULL,1,0,1,comfort,6
18,SPIN_ABD_FULL,1,0,1,confidence,6
18,SPIN_ABD_FULL,1,0,1,social_acceptance,3
18,SPIN_ADD_HALF,1,1,0,ease,6
18,SPIN_ADD_HALF,1,1,0,comfort,5
18,SPIN_ADD_HALF,1,1,0,confidence,6
18,SPIN_ADD_HALF,1,1,0,social_acceptance,2
18,SPIN_ADD_FULL,1,1,1,ease,5
18,SPIN_ADD_FULL,1,1,1,comfort,5
18,SPIN_ADD_FULL,1,1,1,confidence,6
18,SPIN_ADD_FULL,1,1,1,social_acceptance,3
18,ROTATE_ABD_HALF,2,0,0,ease,7
18,ROTATE_ABD_HALF,2,0,0,comfort,6
18,ROTATE_ABD_HALF,2,0,0,confidence,7
18,ROTATE_ABD_HALF,2,0,0,social_acceptance,4
18,ROTATE_ABD_FULL,2,0,1,ease,7
18,ROTATE_ABD_FULL,2,0,1,comfort,7
18,ROTATE_ABD_FULL,2,0,1,confidence,7
18,ROTATE_ABD_FULL,2,0,1,social_acceptance,4
18,ROTATE_ADD_HALF,2,1,0,ease,6
18,ROTATE_ADD_HALF,2,1,0,comfort,7
18,ROTATE_ADD_HALF,2,1,0,confidence,7
18,ROTATE_ADD_HALF,2,1,0,social_acceptance,4
18,ROTATE_ADD_FULL,2,1,1,ease,7
18,ROTATE_ADD_FULL,2,1,1,comfort,7
18,ROTATE_ADD_FULL,2,1,1,confidence,7
18,ROTATE_ADD_FULL,2,1,1,social_acceptance,5
18,FLIP_ABD_HALF,3,0,0,ease,5
18,FLIP_ABD_HALF,3,0,0,comfort,5
18,FLIP_ABD_HALF,3,0,0,confidence,5
18,FLIP_ABD_HALF,3,0,0,social_acceptance,2
18,FLIP_ABD_FULL,3,0,1,ease,3
18,FLIP_ABD_FULL,3,0,1,comfort,5
18,FLIP_ABD_FULL,3,0,1,confidence,4
18,FLIP_ABD_FULL,3,0,1,social_acceptance,3
18,FLIP_ADD_HALF,3,1,0,ease,6
18,FLIP_ADD_HALF,3,1,0,comfort,7
18,FLIP_ADD_HALF,3,1,0,confidence,7
18,FLIP_ADD_HALF,3,1,0,social_acceptance,3
18,FLIP_ADD_FULL,3,1,1,ease,5
18,FLIP_ADD_FULL,3,1,1,comfort,5
18,FLIP_ADD_FULL,3,1,1,confidence,5
18,FLIP_ADD_FULL,3,1,1,social_acceptance,3
15,SHIFT_ABD,0,0,2,ease,6
15,SHIFT_ABD,0,0,2,comfort,6
15,SHIFT_ABD,0,0,2,confidence,7
15,SHIFT_ABD,0,0,2,social_acceptance,7
15,SHIFT_ADD,0,1,2,ease,6
15,SHIFT_ADD,0,1,2,comfort,6
15,SHIFT_ADD,0,1,2,confidence,7
15,SHIFT_ADD,0,1,2,social_acceptance,7
15,SPIN_ABD_HALF,1,0,0,ease,5
15,SPIN_ABD_HALF,1,0,0,comfort,4
15,SPIN_ABD_HALF,1,0,0,confidence,5
15,SPIN_ABD_HALF,1,0,0,social_acceptance,5
15,SPIN_ABD_FULL,1,0,1,ease,1
15,SPIN_ABD_FULL,1,0,1,comfort,1
15,SPIN_ABD_FULL,1,0,1,confidence,1
15,SPIN_ABD_FULL,1,0,1,social_acceptance,6
15,SPIN_ADD_HALF,1,1,0,ease,6
15,SPIN_ADD_HALF,1,1,0,comfort,6
15,SPIN_ADD_HALF,1,1,0,confidence,5
15,SPIN_ADD_HALF,1,1,0,social_acceptance,6
15,SPIN_ADD_FULL,1,1,1,ease,1
15,SPIN_ADD_FULL,1,1,1,comfort,1
15,SPIN_ADD_FULL,1,1,1,confidence,1
15,SPIN_ADD_FULL,1,1,1,social_acceptance,1
15,ROTATE_ABD_HALF,2,0,0,ease,6
15,ROTATE_ABD_HALF,2,0,0,comfort,7
15,ROTATE_ABD_HALF,2,0,0,confidence,6
15,ROTATE_ABD_HALF,2,0,0,social_acceptance,7
15,ROTATE_ABD_FULL,2,0,1,ease,2
15,ROTATE_ABD_FULL,2,0,1,comfort,2
15,ROTATE_ABD_FULL,2,0,1,confidence,2
15,ROTATE_ABD_FULL,2,0,1,social_acceptance,2
15,ROTATE_ADD_HALF,2,1,0,ease,6
15,ROTATE_ADD_HALF,2,1,0,comfort,6
15,ROTATE_ADD_HALF,2,1,0,confidence,7
15,ROTATE_ADD_HALF,2,1,0,social_acceptance,7
15,ROTATE_ADD_FULL,2,1,1,ease,2
15,ROTATE_ADD_FULL,2,1,1,comfort,1
15,ROTATE_ADD_FULL,2,1,1,confidence,1
15,ROTATE_ADD_FULL,2,1,1,social_acceptance,1
15,FLIP_ABD_HALF,3,0,0,ease,4
15,FLIP_ABD_HALF,3,0,0,comfort,3
15,FLIP_ABD_HALF,3,0,0,confidence,4
15,FLIP_ABD_HALF,3,0,0,social_acceptance,5
15,FLIP_ABD_FULL,3,0,1,ease,1
15,FLIP_ABD_FULL,3,0,1,comfort,1
15,FLIP_ABD_FULL,3,0,1,confidence,1
15,FLIP_ABD_FULL,3,0,1,social_acceptance,1
15,FLIP_ADD_HALF,3,1,0,ease,5
15,FLIP_ADD_HALF,3,1,0,comfort,5
15,FLIP_ADD_HALF,3,1,0,confidence,6
15,FLIP_ADD_HALF,3,1,0,social_acceptance,7
15,FLIP_ADD_FULL,3,1,1,ease,1
15,FLIP_ADD_FULL,3,1,1,comfort,1
15,FLIP_ADD_FULL,3,1,1,confidence,1
15,FLIP_ADD_FULL,3,1,1,social_acceptance,1
22,SHIFT_ABD,0,0,2,ease,2
22,SHIFT_ABD,0,0,2,comfort,2
22,SHIFT_ABD,0,0,2,confidence,7
22,SHIFT_ABD,0,0,2,social_acceptance,3
22,SHIFT_ADD,0,1,2,ease,3
22,SHIFT_ADD,0,1,2,comfort,2
22,SHIFT_ADD,0,1,2,confidence,7
22,SHIFT_ADD,0,1,2,social_acceptance,4
22,SPIN_ABD_HALF,1,0,0,ease,6
22,SPIN_ABD_HALF,1,0,0,comfort,6
22,SPIN_ABD_HALF,1,0,0,confidence,7
22,SPIN_ABD_HALF,1,0,0,social_acceptance,5
22,SPIN_ABD_FULL,1,0,1,ease,3
22,SPIN_ABD_FULL,1,0,1,comfort,3
22,SPIN_ABD_FULL,1,0,1,confidence,7
22,SPIN_ABD_FULL,1,0,1,social_acceptance,2
22,SPIN_ADD_HALF,1,1,0,ease,6
22,SPIN_ADD_HALF,1,1,0,comfort,6
22,SPIN_ADD_HALF,1,1,0,confidence,7
22,SPIN_ADD_HALF,1,1,0,social_acceptance,5
22,SPIN_ADD_FULL,1,1,1,ease,3
22,SPIN_ADD_FULL,1,1,1,comfort,3
22,SPIN_ADD_FULL,1,1,1,confidence,7
22,SPIN_ADD_FULL,1,1,1,social_acceptance,3
22,ROTATE_ABD_HALF,2,0,0,ease,6
22,ROTATE_ABD_HALF,2,0,0,comfort,6
22,ROTATE_ABD_HALF,2,0,0,confidence,7
22,ROTATE_ABD_HALF,2,0,0,social_acceptance,7
22,ROTATE_ABD_FULL,2,0,1,ease,4
22,ROTATE_ABD_FULL,2,0,1,comfort,5
22,ROTATE_ABD_FULL,2,0,1,confidence,7
22,ROTATE_ABD_FULL,2,0,1,social_acceptance,5
22,ROTATE_ADD_HALF,2,1,0,ease,4
22,ROTATE_ADD_HALF,2,1,0,comfort,4
22,ROTATE_ADD_HALF,2,1,0,confidence,7
22,ROTATE_ADD_HALF,2,1,0,social_acceptance,5
22,ROTATE_ADD_FULL,2,1,1,ease,4
22,ROTATE_ADD_FULL,2,1,1,comfort,4
22,ROTATE_ADD_FULL,2,1,1,confidence,7
22,ROTATE_ADD_FULL,2,1,1,social_acceptance,3
22,FLIP_ABD_HALF,3,0,0,ease,4
22,FLIP_ABD_HALF,3,0,0,comfort,3
22,FLIP_ABD_HALF,3,0,0,confidence,7
22,FLIP_ABD_HALF,3,0,0,social_acceptance,2
22,FLIP_ABD_FULL,3,0,1,ease,4
22,FLIP_ABD_FULL,3,0,1,comfort,3
22,FLIP_ABD_FULL,3,0,1,confidence,7
22,FLIP_ABD_FULL,3,0,1,social_acceptance,2
22,FLIP_ADD_HALF,3,1,0,ease,4
22,FLIP_ADD_HALF,3,1,0,comfort,4
22,FLIP_ADD_HALF,3,1,0,confidence,7
22,FLIP_ADD_HALF,3,1,0,social_acceptance,3
22,FLIP_ADD_FULL,3,1,1,ease,3
22,FLIP_ADD_FULL,3,1,1,comfort,3
22,FLIP_ADD_FULL,3,1,1,confidence,7
22,FLIP_ADD_FULL,3,1,1,social_acceptance,2
1,SHIFT_ABD,0,0,2,ease,6
1,SHIFT_ABD,0,0,2,comfort,7
1,SHIFT_ABD,0,0,2,confidence,7
1,SHIFT_ABD,0,0,2,social_acceptance,7
1,SHIFT_ADD,0,1,2,ease,7
1,SHIFT_ADD,0,1,2,comfort,7
1,SHIFT_ADD,0,1,2,confidence,6
1,SHIFT_ADD,0,1,2,social_acceptance,7
1,SPIN_ABD_HALF,1,0,0,ease,6
1,SPIN_ABD_HALF,1,0,0,comfort,5
1,SPIN_ABD_HALF,1,0,0,confidence,6
1,SPIN_ABD_HALF,1,0,0,social_acceptance,2
1,SPIN_ABD_FULL,1,0,1,ease,6
1,SPIN_ABD_FULL,1,0,1,comfort,6
1,SPIN_ABD_FULL,1,0,1,confidence,7
1,SPIN_ABD_FULL,1,0,1,social_acceptance,7
1,SPIN_ADD_HALF,1,1,0,ease,6
1,SPIN_ADD_HALF,1,1,0,comfort,6
1,SPIN_ADD_HALF,1,1,0,confidence,5
1,SPIN_ADD_HALF,1,1,0,social_acceptance,4
1,SPIN_ADD_FULL,1,1,1,ease,5
1,SPIN_ADD_FULL,1,1,1,comfort,5
1,SPIN_ADD_FULL,1,1,1,confidence,5
1,SPIN_ADD_FULL,1,1,1,social_acceptance,2
1,ROTATE_ABD_HALF,2,0,0,ease,7
1,ROTATE_ABD_HALF,2,0,0,comfort,7
1,ROTATE_ABD_HALF,2,0,0,confidence,7
1,ROTATE_ABD_HALF,2,0,0,social_acceptance,7
1,ROTATE_ABD_FULL,2,0,1,ease,7
1,ROTATE_ABD_FULL,2,0,1,comfort,7
1,ROTATE_ABD_FULL,2,0,1,confidence,7
1,ROTATE_ABD_FULL,2,0,1,social_acceptance,7
1,ROTATE_ADD_HALF,2,1,0,ease,7
1,ROTATE_ADD_HALF,2,1,0,comfort,7
1,ROTATE_ADD_HALF,2,1,0,confidence,7
1,ROTATE_ADD_HALF,2,1,0,social_acceptance,7
1,ROTATE_ADD_FULL,2,1,1,ease,7
1,ROTATE_ADD_FULL,2,1,1,comfort,7
1,ROTATE_ADD_FULL,2,1,1,confidence,7
1,ROTATE_ADD_FULL,2,1,1,social_acceptance,7
1,FLIP_ABD_HALF,3,0,0,ease,3
1,FLIP_ABD_HALF,3,0,0,comfort,3
1,FLIP_ABD_HALF,3,0,0,confidence,6
1,FLIP_ABD_HALF,3,0,0,social_acceptance,4
1,FLIP_ABD_FULL,3,0,1,ease,2
1,FLIP_ABD_FULL,3,0,1,comfort,1
1,FLIP_ABD_FULL,3,0,1,confidence,1
1,FLIP_ABD_FULL,3,0,1,social_acceptance,1
1,FLIP_ADD_HALF,3,1,0,ease,3
1,FLIP_ADD_HALF,3,1,0,comfort,3
1,FLIP_ADD_HALF,3,1,0,confidence,2
1,FLIP_ADD_HALF,3,1,0,social_acceptance,3
1,FLIP_ADD_FULL,3,1,1,ease,1
1,FLIP_ADD_FULL,3,1,1,comfort,1
1,FLIP_ADD_FULL,3,1,1,confidence,1
1,FLIP_ADD_FULL,3,1,1,social_acceptance,1
7,SHIFT_ABD,0,0,2,ease,6
7,SHIFT_ABD,0,0,2,comfort,6
7,SHIFT_ABD,0,0,2,confidence,7
7,SHIFT_ABD,0,0,2,social_acceptance,6
7,SHIFT_ADD,0,1,2,ease,5
7,SHIFT_ADD,0,1,2,comfort,4
7,SHIFT_ADD,0,1,2,confidence,6
7,SHIFT_ADD,0,1,2,social_acceptance,5
7,SPIN_ABD_HALF,1,0,0,ease,6
7,SPIN_ABD_HALF,1,0,0,comfort,6
7,SPIN_ABD_HALF,1,0,0,confidence,6
7,SPIN_ABD_HALF,1,0,0,social_acceptance,6
7,SPIN_ABD_FULL,1,0,1,ease,5
7,SPIN_ABD_FULL,1,0,1,comfort,4
7,SPIN_ABD_FULL,1,0,1,confidence,4
7,SPIN_ABD_FULL,1,0,1,social_acceptance,4
7,SPIN_ADD_HALF,1,1,0,ease,5
7,SPIN_ADD_HALF,1,1,0,comfort,5
7,SPIN_ADD_HALF,1,1,0,confidence,4
7,SPIN_ADD_HALF,1,1,0,social_acceptance,4
7,SPIN_ADD_FULL,1,1,1,ease,3
7,SPIN_ADD_FULL,1,1,1,comfort,4
7,SPIN_ADD_FULL,1,1,1,confidence,4
7,SPIN_ADD_FULL,1,1,1,social_acceptance,3
7,ROTATE_ABD_HALF,2,0,0,ease,6
7,ROTATE_ABD_HALF,2,0,0,comfort,7
7,ROTATE_ABD_HALF,2,0,0,confidence,6
7,ROTATE_ABD_HALF,2,0,0,social_acceptance,6
7,ROTATE_ABD_FULL,2,0,1,ease,7
7,ROTATE_ABD_FULL,2,0,1,comfort,6
7,ROTATE_ABD_FULL,2,0,1,confidence,6
7,ROTATE_ABD_FULL,2,0,1,social_acceptance,6
7,ROTATE_ADD_HALF,2,1,0,ease,6
7,ROTATE_ADD_HALF,2,1,0,comfort,7
7,ROTATE_ADD_HALF,2,1,0,confidence,6
7,ROTATE_ADD_HALF,2,1,0,social_acceptance,6
7,ROTATE_ADD_FULL,2,1,1,ease,5
7,ROTATE_ADD_FULL,2,1,1,comfort,6
7,ROTATE_ADD_FULL,2,1,1,confidence,5
7,ROTATE_ADD_FULL,2,1,1,social_acceptance,5
7,FLIP_ABD_HALF,3,0,0,ease,4
7,FLIP_ABD_HALF,3,0,0,comfort,3
7,FLIP_ABD_HALF,3,0,0,confidence,3
7,FLIP_ABD_HALF,3,0,0,social_acceptance,2
7,FLIP_ABD_FULL,3,0,1,ease,4
7,FLIP_ABD_FULL,3,0,1,comfort,3
7,FLIP_ABD_FULL,3,0,1,confidence,3
7,FLIP_ABD_FULL,3,0,1,social_acceptance,2
7,FLIP_ADD_HALF,3,1,0,ease,4
7,FLIP_ADD_HALF,3,1,0,comfort,3
7,FLIP_ADD_HALF,3,1,0,confidence,2
7,FLIP_ADD_HALF,3,1,0,social_acceptance,2
7,FLIP_ADD_FULL,3,1,1,ease,4
7,FLIP_ADD_FULL,3,1,1,comfort,3
7,FLIP_ADD_FULL,3,1,1,confidence,3
7,FLIP_ADD_FULL,3,1,1,social_acceptance,2
21,SHIFT_ABD,0,0,2,ease,1
21,SHIFT_ABD,0,0,2,comfort,2
21,SHIFT_ABD,0,0,2,confidence,2
21,SHIFT_ABD,0,0,2,social_acceptance,2
21,SHIFT_ADD,0,1,2,ease,4
21,SHIFT_ADD,0,1,2,comfort,3
21,SHIFT_ADD,0,1,2,confidence,3
21,SHIFT_ADD,0,1,2,social_acceptance,3
21,SPIN_ABD_HALF,1,0,0,ease,5
21,SPIN_ABD_HALF,1,0,0,comfort,5
21,SPIN_ABD_HALF,1,0,0,confidence,4
21,SPIN_ABD_HALF,1,0,0,social_acceptance,4
21,SPIN_ABD_FULL,1,0,1,ease,5
21,SPIN_ABD_FULL,1,0,1,comfort,5
21,SPIN_ABD_FULL,1,0,1,confidence,4
21,SPIN_ABD_FULL,1,0,1,social_acceptance,4
21,SPIN_ADD_HALF,1,1,0,ease,5
21,SPIN_ADD_HALF,1,1,0,comfort,5
21,SPIN_ADD_HALF,1,1,0,confidence,4
21,SPIN_ADD_HALF,1,1,0,social_acceptance,4
21,SPIN_ADD_FULL,1,1,1,ease,5
21,SPIN_ADD_FULL,1,1,1,comfort,5
21,SPIN_ADD_FULL,1,1,1,confidence,5
21,SPIN_ADD_FULL,1,1,1,social_acceptance,5
21,ROTATE_ABD_HALF,2,0,0,ease,6
21,ROTATE_ABD_HALF,2,0,0,comfort,6
21,ROTATE_ABD_HALF,2,0,0,confidence,6
21,ROTATE_ABD_HALF,2,0,0,social_acceptance,5
21,ROTATE_ABD_FULL,2,0,1,ease,6
21,ROTATE_ABD_FULL,2,0,1,comfort,6
21,ROTATE_ABD_FULL,2,0,1,confidence,6
21,ROTATE_ABD_FULL,2,0,1,social_acceptance,5
21,ROTATE_ADD_HALF,2,1,0,ease,6
21,ROTATE_ADD_HALF,2,1,0,comfort,6
21,ROTATE_ADD_HALF,2,1,0,confidence,5
21,ROTATE_ADD_HALF,2,1,0,social_acceptance,6
21,ROTATE_ADD_FULL,2,1,1,ease,5
21,ROTATE_ADD_FULL,2,1,1,comfort,6
21,ROTATE_ADD_FULL,2,1,1,confidence,6
21,ROTATE_ADD_FULL,2,1,1,social_acceptance,5
21,FLIP_ABD_HALF,3,0,0,ease,5
21,FLIP_ABD_HALF,3,0,0,comfort,5
21,FLIP_ABD_HALF,3,0,0,confidence,5
21,FLIP_ABD_HALF,3,0,0,social_acceptance,5
21,FLIP_ABD_FULL,3,0,1,ease,5
21,FLIP_ABD_FULL,3,0,1,comfort,5
21,FLIP_ABD_FULL,3,0,1,confidence,5
21,FLIP_ABD_FULL,3,0,1,social_acceptance,4
21,FLIP_ADD_HALF,3,1,0,ease,5
21,FLIP_ADD_HALF,3,1,0,comfort,5
21,FLIP_ADD_HALF,3,1,0,confidence,5
21,FLIP_ADD_HALF,3,1,0,social_acceptance,4
21,FLIP_ADD_FULL,3,1,1,ease,5
21,FLIP_ADD_FULL,3,1,1,comfort,5
21,FLIP_ADD_FULL,3,1,1,confidence,4
21,FLIP_ADD_FULL,3,1,1,social_acceptance,4
23,SHIFT_ABD,0,0,2,ease,6
23,SHIFT_ABD,0,0,2,comfort,6
23,SHIFT_ABD,0,0,2,confidence,6
23,SHIFT_ABD,0,0,2,social_acceptance,6
23,SHIFT_ADD,0,1,2,ease,7
23,SHIFT_ADD,0,1,2,comfort,7
23,SHIFT_ADD,0,1,2,confidence,7
23,SHIFT_ADD,0,1,2,social_acceptance,7
23,SPIN_ABD_HALF,1,0,0,ease,5
23,SPIN_ABD_HALF,1,0,0,comfort,5
23,SPIN_ABD_HALF,1,0,0,confidence,4
23,SPIN_ABD_HALF,1,0,0,social_acceptance,5
23,SPIN_ABD_FULL,1,0,1,ease,2
23,SPIN_ABD_FULL,1,0,1,comfort,3
23,SPIN_ABD_FULL,1,0,1,confidence,2
23,SPIN_ABD_FULL,1,0,1,social_acceptance,2
23,SPIN_ADD_HALF,1,1,0,ease,3
23,SPIN_ADD_HALF,1,1,0,comfort,3
23,SPIN_ADD_HALF,1,1,0,confidence,3
23,SPIN_ADD_HALF,1,1,0,social_acceptance,3
23,SPIN_ADD_FULL,1,1,1,ease,1
23,SPIN_ADD_FULL,1,1,1,comfort,1
23,SPIN_ADD_FULL,1,1,1,confidence,1
23,SPIN_ADD_FULL,1,1,1,social_acceptance,1
23,ROTATE_ABD_HALF,2,0,0,ease,7
23,ROTATE_ABD_HALF,2,0,0,comfort,7
23,ROTATE_ABD_HALF,2,0,0,confidence,5
23,ROTATE_ABD_HALF,2,0,0,social_acceptance,6
23,ROTATE_ABD_FULL,2,0,1,ease,6
23,ROTATE_ABD_FULL,2,0,1,comfort,6
23,ROTATE_ABD_FULL,2,0,1,confidence,6
23,ROTATE_ABD_FULL,2,0,1,social_acceptance,6
23,ROTATE_ADD_HALF,2,1,0,ease,6
23,ROTATE_ADD_HALF,2,1,0,comfort,6
23,ROTATE_ADD_HALF,2,1,0,confidence,6
23,ROTATE_ADD_HALF,2,1,0,social_acceptance,6
23,ROTATE_ADD_FULL,2,1,1,ease,6
23,ROTATE_ADD_FULL,2,1,1,comfort,5
23,ROTATE_ADD_FULL,2,1,1,confidence,4
23,ROTATE_ADD_FULL,2,1,1,social_acceptance,5
23,FLIP_ABD_HALF,3,0,0,ease,5
23,FLIP_ABD_HALF,3,0,0,comfort,4
23,FLIP_ABD_HALF,3,0,0,confidence,3
23,FLIP_ABD_HALF,3,0,0,social_acceptance,4
23,FLIP_ABD_FULL,3,0,1,ease,3
23,FLIP_ABD_FULL,3,0,1,comfort,2
23,FLIP_ABD_FULL,3,0,1,confidence,3
23,FLIP_ABD_FULL,3,0,1,social_acceptance,3
23,FLIP_ADD_HALF,3,1,0,ease,5
23,FLIP_ADD_HALF,3,1,0,comfort,5
23,FLIP_ADD_HALF,3,1,0,confidence,5
23,FLIP_ADD_HALF,3,1,0,social_acceptance,5
23,FLIP_ADD_FULL,3,1,1,ease,2
23,FLIP_ADD_FULL,3,1,1,comfort,2
23,FLIP_ADD_FULL,3,1,1,confidence,3
23,FLIP_ADD_FULL,3,1,1,social_acceptance,3
17,SHIFT_ABD,0,0,2,ease,6
17,SHIFT_ABD,0,0,2,comfort,5
17,SHIFT_ABD,0,0,2,confidence,7
17,SHIFT_ABD,0,0,2,social_acceptance,7
17,SHIFT_ADD,0,1,2,ease,6
17,SHIFT_ADD,0,1,2,comfort,5
17,SHIFT_ADD,0,1,2,confidence,7
17,SHIFT_ADD,0,1,2,social_acceptance,7
17,SPIN_ABD_HALF,1,0,0,ease,7
17,SPIN_ABD_HALF,1,0,0,comfort,7
17,SPIN_ABD_HALF,1,0,0,confidence,7
17,SPIN_ABD_HALF,1,0,0,social_acceptance,7
17,SPIN_ABD_FULL,1,0,1,ease,7
17,SPIN_ABD_FULL,1,0,1,comfort,7
17,SPIN_ABD_FULL,1,0,1,confidence,7
17,SPIN_ABD_FULL,1,0,1,social_acceptance,7
17,SPIN_ADD_HALF,1,1,0,ease,7
17,SPIN_ADD_HALF,1,1,0,comfort,7
17,SPIN_ADD_HALF,1,1,0,confidence,7
17,SPIN_ADD_HALF,1,1,0,social_acceptance,7
17,SPIN_ADD_FULL,1,1,1,ease,7
17,SPIN_ADD_FULL,1,1,1,comfort,7
17,SPIN_ADD_FULL,1,1,1,confidence,7
17,SPIN_ADD_FULL,1,1,1,social_acceptance,7
17,ROTATE_ABD_HALF,2,0,0,ease,7
17,ROTATE_ABD_HALF,2,0,0,comfort,7
17,ROTATE_ABD_HALF,2,0,0,confidence,7
17,ROTATE_ABD_HALF,2,0,0,social_acceptance,3
17,ROTATE_ABD_FULL,2,0,1,ease,7
17,ROTATE_ABD_FULL,2,0,1,comfort,7
17,ROTATE_ABD_FULL,2,0,1,confidence,7
17,ROTATE_ABD_FULL,2,0,1,social_acceptance,4
17,ROTATE_ADD_HALF,2,1,0,ease,7
17,ROTATE_ADD_HALF,2,1,0,comfort,7
17,ROTATE_ADD_HALF,2,1,0,confidence,7
17,ROTATE_ADD_HALF,2,1,0,social_acceptance,3
17,ROTATE_ADD_FULL,2,1,1,ease,6
17,ROTATE_ADD_FULL,2,1,1,comfort,6
17,ROTATE_ADD_FULL,2,1,1,confidence,7
17,ROTATE_ADD_FULL,2,1,1,social_acceptance,4
17,FLIP_ABD_HALF,3,0,0,ease,7
17,FLIP_ABD_HALF,3,0,0,comfort,7
17,FLIP_ABD_HALF,3,0,0,confidence,7
17,FLIP_ABD_HALF,3,0,0,social_acceptance,4
17,FLIP_ABD_FULL,3,0,1,ease,7
17,FLIP_ABD_FULL,3,0,1,comfort,7
17,FLIP_ABD_FULL,3,0,1,confidence,7
17,FLIP_ABD_FULL,3,0,1,social_acceptance,4
17,FLIP_ADD_HALF,3,1,0,ease,7
17,FLIP_ADD_HALF,3,1,0,comfort,7
17,FLIP_ADD_HALF,3,1,0,confidence,7
17,FLIP_ADD_HALF,3,1,0,social_acceptance,4
17,FLIP_ADD_FULL,3,1,1,ease,7
17,FLIP_ADD_FULL,3,1,1,comfort,7
17,FLIP_ADD_FULL,3,1,1,confidence,7
17,FLIP_ADD_FULL,3,1,1,social_acceptance,4
26,SHIFT_ABD,0,0,2,ease,2
26,SHIFT_ABD,0,0,2,comfort,2
26,SHIFT_ABD,0,0,2,confidence,7
26,SHIFT_ABD,0,0,2,social_acceptance,7
26,SHIFT_ADD,0,1,2,ease,2
26,SHIFT_ADD,0,1,2,comfort,2
26,SHIFT_ADD,0,1,2,confidence,7
26,SHIFT_ADD,0,1,2,social_acceptance,7
26,SPIN_ABD_HALF,1,0,0,ease,7
26,SPIN_ABD_HALF,1,0,0,comfort,7
26,SPIN_ABD_HALF,1,0,0,confidence,7
26,SPIN_ABD_HALF,1,0,0,social_acceptance,7
26,SPIN_ABD_FULL,1,0,1,ease,7
26,SPIN_ABD_FULL,1,0,1,comfort,7
26,SPIN_ABD_FULL,1,0,1,confidence,7
26,SPIN_ABD_FULL,1,0,1,social_acceptance,7
26,SPIN_ADD_HALF,1,1,0,ease,7
26,SPIN_ADD_HALF,1,1,0,comfort,7
26,SPIN_ADD_HALF,1,1,0,confidence,7
26,SPIN_ADD_HALF,1,1,0,social_acceptance,7
26,SPIN_ADD_FULL,1,1,1,ease,7
26,SPIN_ADD_FULL,1,1,1,comfort,7
26,SPIN_ADD_FULL,1,1,1,confidence,7
26,SPIN_ADD_FULL,1,1,1,social_acceptance,7
26,ROTATE_ABD_HALF,2,0,0,ease,6
26,ROTATE_ABD_HALF,2,0,0,comfort,6
26,ROTATE_ABD_HALF,2,0,0,confidence,7
26,ROTATE_ABD_HALF,2,0,0,social_acceptance,7
26,ROTATE_ABD_FULL,2,0,1,ease,6
26,ROTATE_ABD_FULL,2,0,1,comfort,6
26,ROTATE_ABD_FULL,2,0,1,confidence,7
26,ROTATE_ABD_FULL,2,0,1,social_acceptance,7
26,ROTATE_ADD_HALF,2,1,0,ease,6
26,ROTATE_ADD_HALF,2,1,0,comfort,6
26,ROTATE_ADD_HALF,2,1,0,confidence,7
26,ROTATE_ADD_HALF,2,1,0,social_acceptance,7
26,ROTATE_ADD_FULL,2,1,1,ease,6
26,ROTATE_ADD_FULL,2,1,1,comfort,6
26,ROTATE_ADD_FULL,2,1,1,confidence,7
26,ROTATE_ADD_FULL,2,1,1,social_acceptance,7
26,FLIP_ABD_HALF,3,0,0,ease,5
26,FLIP_ABD_HALF,3,0,0,comfort,5
26,FLIP_ABD_HALF,3,0,0,confidence,7
26,FLIP_ABD_HALF,3,0,0,social_acceptance,7
26,FLIP_ABD_FULL,3,0,1,ease,3
26,FLIP_ABD_FULL,3,0,1,comfort,5
26,FLIP_ABD_FULL,3,0,1,confidence,7
26,FLIP_ABD_FULL,3,0,1,social_acceptance,7
26,FLIP_ADD_HALF,3,1,0,ease,5
26,FLIP_ADD_HALF,3,1,0,comfort,5
26,FLIP_ADD_HALF,3,1,0,confidence,7
26,FLIP_ADD_HALF,3,1,0,social_acceptance,7
26,FLIP_ADD_FULL,3,1,1,ease,4
26,FLIP_ADD_FULL,3,1,1,comfort,5
26,FLIP_ADD_FULL,3,1,1,confidence,7
26,FLIP_ADD_FULL,3,1,1,social_acceptance,7
27,SHIFT_ABD,0,0,2,ease,6
27,SHIFT_ABD,0,0,2,comfort,6
27,SHIFT_ABD,0,0,2,confidence,6
27,SHIFT_ABD,0,0,2,social_acceptance,6
27,SHIFT_ADD,0,1,2,ease,7
27,SHIFT_ADD,0,1,2,comfort,7
27,SHIFT_ADD,0,1,2,confidence,7
27,SHIFT_ADD,0,1,2,social_acceptance,7
27,SPIN_ABD_HALF,1,0,0,ease,5
27,SPIN_ABD_HALF,1,0,0,comfort,5
27,SPIN_ABD_HALF,1,0,0,confidence,3
27,SPIN_ABD_HALF,1,0,0,social_acceptance,4
27,SPIN_ABD_FULL,1,0,1,ease,6
27,SPIN_ABD_FULL,1,0,1,comfort,5
27,SPIN_ABD_FULL,1,0,1,confidence,6
27,SPIN_ABD_FULL,1,0,1,social_acceptance,5
27,SPIN_ADD_HALF,1,1,0,ease,5
27,SPIN_ADD_HALF,1,1,0,comfort,4
27,SPIN_ADD_HALF,1,1,0,confidence,4
27,SPIN_ADD_HALF,1,1,0,social_acceptance,4
27,SPIN_ADD_FULL,1,1,1,ease,4
27,SPIN_ADD_FULL,1,1,1,comfort,5
27,SPIN_ADD_FULL,1,1,1,confidence,4
27,SPIN_ADD_FULL,1,1,1,social_acceptance,4
27,ROTATE_ABD_HALF,2,0,0,ease,4
27,ROTATE_ABD_HALF,2,0,0,comfort,5
27,ROTATE_ABD_HALF,2,0,0,confidence,5
27,ROTATE_ABD_HALF,2,0,0,social_acceptance,4
27,ROTATE_ABD_FULL,2,0,1,ease,5
27,ROTATE_ABD_FULL,2,0,1,comfort,4
27,ROTATE_ABD_FULL,2,0,1,confidence,4
27,ROTATE_ABD_FULL,2,0,1,social_acceptance,4
27,ROTATE_ADD_HALF,2,1,0,ease,7
27,ROTATE_ADD_HALF,2,1,0,comfort,6
27,ROTATE_ADD_HALF,2,1,0,confidence,6
27,ROTATE_ADD_HALF,2,1,0,social_acceptance,6
27,ROTATE_ADD_FULL,2,1,1,ease,6
27,ROTATE_ADD_FULL,2,1,1,comfort,6
27,ROTATE_ADD_FULL,2,1,1,confidence,6
27,ROTATE_ADD_FULL,2,1,1,social_acceptance,6
27,FLIP_ABD_HALF,3,0,0,ease,4
27,FLIP_ABD_HALF,3,0,0,comfort,4
27,FLIP_ABD_HALF,3,0,0,confidence,4
27,FLIP_ABD_HALF,3,0,0,social_acceptance,4
27,FLIP_ABD_FULL,3,0,1,ease,3
27,FLIP_ABD_FULL,3,0,1,comfort,3
27,FLIP_ABD_FULL,3,0,1,confidence,3
27,FLIP_ABD_FULL,3,0,1,social_acceptance,4
27,FLIP_ADD_HALF,3,1,0,ease,4
27,FLIP_ADD_HALF,3,1,0,comfort,4
27,FLIP_ADD_HALF,3,1,0,confidence,4
27,FLIP_ADD_HALF,3,1,0,social_acceptance,4
27,FLIP_ADD_FULL,3,1,1,ease,4
27,FLIP_ADD_FULL,3,1,1,comfort,4
27,FLIP_ADD_FULL,3,1,1,confidence,4
27,FLIP_ADD_FULL,3,1,1,social_acceptance,4
29,SHIFT_ABD,0,0,2,ease,7
29,SHIFT_ABD,0,0,2,comfort,5
29,SHIFT_ABD,0,0,2,confidence,5
29,SHIFT_ABD,0,0,2,social_acceptance,7
29,SHIFT_ADD,0,1,2,ease,7
29,SHIFT_ADD,0,1,2,comfort,5
29,SHIFT_ADD,0,1,2,confidence,5
29,SHIFT_ADD,0,1,2,social_acceptance,7
29,SPIN_ABD_HALF,1,0,0,ease,6
29,SPIN_ABD_HALF,1,0,0,comfort,4
29,SPIN_ABD_HALF,1,0,0,confidence,4
29,SPIN_ABD_HALF,1,0,0,social_acceptance,1
29,SPIN_ABD_FULL,1,0,1,ease,5
29,SPIN_ABD_FULL,1,0,1,comfort,3
29,SPIN_ABD_FULL,1,0,1,confidence,3
29,SPIN_ABD_FULL,1,0,1,social_acceptance,1
29,SPIN_ADD_HALF,1,1,0,ease,6
29,SPIN_ADD_HALF,1,1,0,comfort,4
29,SPIN_ADD_HALF,1,1,0,confidence,4
29,SPIN_ADD_HALF,1,1,0,social_acceptance,1
29,SPIN_ADD_FULL,1,1,1,ease,5
29,SPIN_ADD_FULL,1,1,1,comfort,3
29,SPIN_ADD_FULL,1,1,1,confidence,3
29,SPIN_ADD_FULL,1,1,1,social_acceptance,1
29,ROTATE_ABD_HALF,2,0,0,ease,6
29,ROTATE_ABD_HALF,2,0,0,comfort,6
29,ROTATE_ABD_HALF,2,0,0,confidence,7
29,ROTATE_ABD_HALF,2,0,0,social_acceptance,4
29,ROTATE_ABD_FULL,2,0,1,ease,5
29,ROTATE_ABD_FULL,2,0,1,comfort,5
29,ROTATE_ABD_FULL,2,0,1,confidence,5
29,ROTATE_ABD_FULL,2,0,1,social_acceptance,4
29,ROTATE_ADD_HALF,2,1,0,ease,7
29,ROTATE_ADD_HALF,2,1,0,comfort,7
29,ROTATE_ADD_HALF,2,1,0,confidence,7
29,ROTATE_ADD_HALF,2,1,0,social_acceptance,4
29,ROTATE_ADD_FULL,2,1,1,ease,6
29,ROTATE_ADD_FULL,2,1,1,comfort,6
29,ROTATE_ADD_FULL,2,1,1,confidence,7
29,ROTATE_ADD_FULL,2,1,1,social_acceptance,4
29,FLIP_ABD_HALF,3,0,0,ease,2
29,FLIP_ABD_HALF,3,0,0,comfort,2
29,FLIP_ABD_HALF,3,0,0,confidence,1
29,FLIP_ABD_HALF,3,0,0,social_acceptance,1
29,FLIP_ABD_FULL,3,0,1,ease,1
29,FLIP_ABD_FULL,3,0,1,comfort,1
29,FLIP_ABD_FULL,3,0,1,confidence,1
29,FLIP_ABD_FULL,3,0,1,social_acceptance,1
29,FLIP_ADD_HALF,3,1,0,ease,1
29,FLIP_ADD_HALF,3,1,0,comfort,1
29,FLIP_ADD_HALF,3,1,0,confidence,1
29,FLIP_ADD_HALF,3,1,0,social_acceptance,1
29,FLIP_ADD_FULL,3,1,1,ease,1
29,FLIP_ADD_FULL,3,1,1,comfort,1
29,FLIP_ADD_FULL,3,1,1,confidence,1
29,FLIP_ADD_FULL,3,1,1,social_acceptance,1
30,SHIFT_ABD,0,0,2,ease,3
30,SHIFT_ABD,0,0,2,comfort,2
30,SHIFT_ABD,0,0,2,confidence,2
30,SHIFT_ABD,0,0,2,social_acceptance,3
30,SHIFT_ADD,0,1,2,ease,5
30,SHIFT_ADD,0,1,2,comfort,4
30,SHIFT_ADD,0,1,2,confidence,4
30,SHIFT_ADD,0,1,2,social_acceptance,4
30,SPIN_ABD_HALF,1,0,0,ease,7
30,SPIN_ABD_HALF,1,0,0,comfort,7
30,SPIN_ABD_HALF,1,0,0,confidence,7
30,SPIN_ABD_HALF,1,0,0,social_acceptance,7
30,SPIN_ABD_FULL,1,0,1,ease,6
30,SPIN_ABD_FULL,1,0,1,comfort,5
30,SPIN_ABD_FULL,1,0,1,confidence,6
30,SPIN_ABD_FULL,1,0,1,social_acceptance,6
30,SPIN_ADD_HALF,1,1,0,ease,7
30,SPIN_ADD_HALF,1,1,0,comfort,6
30,SPIN_ADD_HALF,1,1,0,confidence,7
30,SPIN_ADD_HALF,1,1,0,social_acceptance,7
30,SPIN_ADD_FULL,1,1,1,ease,6
30,SPIN_ADD_FULL,1,1,1,comfort,5
30,SPIN_ADD_FULL,1,1,1,confidence,6
30,SPIN_ADD_FULL,1,1,1,social_acceptance,6
30,ROTATE_ABD_HALF,2,0,0,ease,7
30,ROTATE_ABD_HALF,2,0,0,comfort,7
30,ROTATE_ABD_HALF,2,0,0,confidence,7
30,ROTATE_ABD_HALF,2,0,0,social_acceptance,7
30,ROTATE_ABD_FULL,2,0,1,ease,7
30,ROTATE_ABD_FULL,2,0,1,comfort,7
30,ROTATE_ABD_FULL,2,0,1,confidence,7
30,ROTATE_ABD_FULL,2,0,1,social_acceptance,7
30,ROTATE_ADD_HALF,2,1,0,ease,7
30,ROTATE_ADD_HALF,2,1,0,comfort,6
30,ROTATE_ADD_HALF,2,1,0,confidence,7
30,ROTATE_ADD_HALF,2,1,0,social_acceptance,7
30,ROTATE_ADD_FULL,2,1,1,ease,7
30,ROTATE_ADD_FULL,2,1,1,comfort,6
30,ROTATE_ADD_FULL,2,1,1,confidence,7
30,ROTATE_ADD_FULL,2,1,1,social_acceptance,7
30,FLIP_ABD_HALF,3,0,0,ease,7
30,FLIP_ABD_HALF,3,0,0,comfort,5
30,FLIP_ABD_HALF,3,0,0,confidence,6
30,FLIP_ABD_HALF,3,0,0,social_acceptance,4
30,FLIP_ABD_FULL,3,0,1,ease,6
30,FLIP_ABD_FULL,3,0,1,comfort,5
30,FLIP_ABD_FULL,3,0,1,confidence,6
30,FLIP_ABD_FULL,3,0,1,social_acceptance,4
30,FLIP_ADD_HALF,3,1,0,ease,5
30,FLIP_ADD_HALF,3,1,0,comfort,3
30,FLIP_ADD_HALF,3,1,0,confidence,4
30,FLIP_ADD_HALF,3,1,0,social_acceptance,2
30,FLIP_ADD_FULL,3,1,1,ease,4
30,FLIP_ADD_FULL,3,1,1,comfort,2
30,FLIP_ADD_FULL,3,1,1,confidence,3
30,FLIP_ADD_FULL,3,1,1,social_acceptance,2
